警戒Lv.1,警戒Lv.2,警戒Lv.3,警戒Lv.4,警戒Lv.5,警戒Lv.6,警戒Lv.7,警戒Lv.8,警戒Lv.9,警戒Lv.10,警戒Lv.11,警戒Lv.12,警戒Lv.13,警戒Lv.14,警戒Lv.15,警戒Lv.16,警戒Lv.17,警戒Lv.18,警戒Lv.19,警戒Lv.20,＠
警戒Lv.21,警戒Lv.22,警戒Lv.23,警戒Lv.24,警戒Lv.25,警戒Lv.26,警戒Lv.27,警戒Lv.28,警戒Lv.29,警戒Lv.30,警戒Lv.31,警戒Lv.32,警戒Lv.33,警戒Lv.34,警戒Lv.35,警戒Lv.36,警戒Lv.37,警戒Lv.38,警戒Lv.39,警戒Lv.40,＠
警戒Lv.41,警戒Lv.42,警戒Lv.43,警戒Lv.44,警戒Lv.45,警戒Lv.46,警戒Lv.47,警戒Lv.48,警戒Lv.49,警戒Lv.50,警戒Lv.51,警戒Lv.52,警戒Lv.53,警戒Lv.54,警戒Lv.55,警戒Lv.56,警戒Lv.57,警戒Lv.58,警戒Lv.59,警戒Lv.60,＠
暴走Lv.1,暴走Lv.2,暴走Lv.3,暴走Lv.4,暴走Lv.5,暴走Lv.6,暴走Lv.7,暴走Lv.8,暴走Lv.9,暴走Lv.10,暴走Lv.11,暴走Lv.12,暴走Lv.13,暴走Lv.14,暴走Lv.15,暴走Lv.16,暴走Lv.17,暴走Lv.18,暴走Lv.19,暴走Lv.20,＠
暴走Lv.21,暴走Lv.22,暴走Lv.23,暴走Lv.24,暴走Lv.25,暴走Lv.26,暴走Lv.27,暴走Lv.28,暴走Lv.29,暴走Lv.30,暴走Lv.31,暴走Lv.32,暴走Lv.33,暴走Lv.34,暴走Lv.35,暴走Lv.36,暴走Lv.37,暴走Lv.38,暴走Lv.39,暴走Lv.40,＠
暴走Lv.41,暴走Lv.42,暴走Lv.43,暴走Lv.44,暴走Lv.45,暴走Lv.46,暴走Lv.47,暴走Lv.48,暴走Lv.49,暴走Lv.50,暴走Lv.51,暴走Lv.52,暴走Lv.53,暴走Lv.54,暴走Lv.55,暴走Lv.56,暴走Lv.57,暴走Lv.58,暴走Lv.59,暴走Lv.60,＠










